label,name,notice,furigana
プラ容器包装,アイスクリームの容器・包装（プラスチック製）,汚れている物は洗ってから出す。,あ
燃やすごみ,アイスクリームの容器・包装（紙製）,,あ
埋立ごみ,アイロン,,あ
燃やすごみ,アイロン台（木製・プラスチック製など）,指定収集袋（大）に入れて口が結べない場合は「大型ごみ」として出す。,あ
埋立ごみ,アイロン台（金属製）,指定収集袋（大）に入れて口が結べない場合は「大型ごみ」として出す。,あ
燃やすごみ,アイロンプリント紙,,あ
資源物,空き缶,錆びている物は「埋立ごみ」に出す。ふたを取って、中をすすいで出す。金属製のふたは「埋立ごみ」に、プラスチック製のふたは「プラスチック製容器包装」に出す。,あ
資源物,空きびん,化粧品が入っていたびんは「埋立ごみ」に出す。ふたを取って、中をすすいで出す。金属製のふたは「埋立ごみ」に、プラスチック製のふたは「プラスチック製容器包装」に出す。,あ
埋立ごみ,アダプター（電源用）,※『使用済み小型家電』として拠点回収に出すこともできます。,あ
燃やすごみ,圧着はがき,,あ
資源物,油こし容器,中を洗って水切りして出す。,あ
燃やすごみ,雨具（カッパ）,,あ
燃やすごみ,アルバム,,あ
燃やすごみ,アルミホイル,,あ
燃やすごみ,アルミ箔の鍋（鍋焼き容器）,,あ
埋立ごみ,アンテナ（屋外用、室内用）,指定収集袋（大）に入れて口が結べない場合は「大型ごみ」として出す。,あ
埋立ごみ,移植ごて（金属製）（＝園芸用の小型スコップ）,プラスチック製の物は「燃やすごみ」に出す。,い
埋立ごみ,いす,木製、プラスチック製の物は「燃やすごみ」に出す。指定収集袋（大）に入れて口が結べない場合は「大型ごみ」として出す。,い
埋立ごみ,板ガラス,危険物は、丈夫な紙などに包んで『危険』と表示して出す。指定収集袋（大）に入れて口が結べない場合は「大型ごみ」として出す。,い
埋立ごみ,一輪車（乗用）,指定収集袋（大）に入れて口が結べない場合は「大型ごみ」として出す。,い
燃やすごみ,イヤホン,,い
燃やすごみ,印鑑・印鑑ケース,金属製はの物は「埋立ごみ」に出す。,い
資源物,衣類,汚れている物は洗濯してから出す。,い
市が収集しないごみ,衣類乾燥機,家電４品目処分。,い
埋立ごみ,植木用支柱,木製、プラスチック製の物は「燃やすごみ」に出す。長さ1m以内、直径10cm以内に束ねて、埋立ごみ用の指定収集袋（小袋以上）を１枚巻きつけて出す。,う
燃やすごみ,運動靴,,う
燃やすごみ,植木の枝（せん定枝）,長さ50cm以下に切って、直径30cm以下の束にしてヒモで縛るか透明のごみ袋に入れて出す。※拠点回収に出すこともできます。,う
燃やすごみ,植木ポット・苗ポット（プラスチック製）,土などを払い落としてから出す。プラの表示のある物は「プラスチック製容器包装」に出す。,う
燃やすごみ,植木鉢（プラスチック製・木製）,,う
埋立ごみ,植木鉢（陶器製）,,う
燃やすごみ,浮き輪,空気を抜いてから出す。,う
燃やすごみ,エアークッション,指定収集袋（大）に入れて口が結べない場合は「大型ごみ」として出す。,え
市が収集しないごみ,エアコン,家電４品目処分。,え
燃やすごみ,絵の具,容器が金属製の物は「埋立ごみ」に出す。,え
資源物,エプロン,汚れている物は洗濯してから出す。,え
埋立ごみ,延長コード（テーブルタップ）,,え
燃やすごみ,鉛筆,,え
埋立ごみ,鉛筆削り器,,え
資源物,オイル缶（一斗缶）,中身を使い切ってから出す。,お
埋立ごみ,オーディオ製品,指定収集袋（大）に入れて口が結べない場合は「大型ごみ」として出す。,お
埋立ごみ,オーブントースター,指定収集袋（大）に入れて口が結べない場合は「大型ごみ」として出す。,お
燃やすごみ,桶（木製・プラスチック製）,,お
燃やすごみ,落ち葉,４５リットルサイズ以下の透明ごみ袋に入れて出す。,お
燃やすごみ,おぼん（木製・プラスチック製）,,お
資源物,おぼん（金属製）,,お
燃やすごみ,おまる,指定収集袋（大）に入れて口が結べない場合は「大型ごみ」として出す。,お
燃やすごみ,おもちゃ（プラスチック製）,指定収集袋（大）に入れて口が結べない場合は「大型ごみ」として出す。,お
埋立ごみ,おもちゃ（金属製）,指定収集袋（大）に入れて口が結べない場合は「大型ごみ」として出す。,お
紙,折込チラシ,新聞紙と折込チラシをまとめて、ヒモで十字に縛って出す。,お
燃やすごみ,温度計（電子）,可能であれば、電池を外してから出す。水銀を含む物は、「特定品目」に出す。,お
燃やすごみ,カーテン,,か
燃やすごみ,カーボン紙,,か
燃やすごみ,貝殻,,か
埋立ごみ,懐中電灯,電池を外してから出す。,か
燃やすごみ,カイロ（使い捨てタイプの物）,,か
埋立ごみ,カイロ（金属製）,,か
埋立ごみ,鏡,危険物は、丈夫な紙などに包んで『危険』と表示して出す。指定収集袋（大）に入れて口が結べない場合は「大型ごみ」として出す。,か
燃やすごみ,額縁（木製・プラスチック製）,窓部分がガラス製の場合には、取り外して「埋立ごみ」に出す。指定収集袋（大）に入れて口が結べない場合は「大型ごみ」として出す。,か
埋立ごみ,額縁（金属製）,指定収集袋（大）に入れて口が結べない場合は「大型ごみ」として出す。,か
埋立ごみ,傘,直径10cm以内に束ねて、埋立ごみ用指定収集袋（小袋以上）を１枚巻きつけて出す。（布は外さなくてもよい）,か
紙,菓子箱（紙製）,『その他の紙』として、ひとまとめにして、ヒモで十字に縛るか紙袋に入れて出す。,か
資源物,菓子箱（金属製）,,か
埋立ごみ,ガスコンロ,指定収集袋（大）に入れて口が結べない場合は「大型ごみ」として出す。,か
市が収集しないごみ,ガスボンベ（プロパン）,販売店などに相談する。,か
埋立ごみ,カセットコンロ,指定収集袋（大）に入れて口が結べない場合は「大型ごみ」として出す。,か
特定品目,カセットコンロ用ボンベ,商品に記載されている使用説明を読み、風通しが良く火の気のない屋外で、確実に中身を空にして出す。ただし、穴を開ける必要はない。,か
燃やすごみ,カセットテープ・ケース,,か
市が収集しないごみ,ガソリン,販売店などに相談する。,か
紙,カタログ,『その他の紙』として、ひとまとめにして、ヒモで十字に縛って出す。,か
埋立ごみ,カッター,危険物は、丈夫な紙などに包んで『危険』と表示して出す。,か
プラ容器包装,カップ麺のフタ・容器（プラスチック製）,汚れている物は洗ってから出す。,か
燃やすごみ,カップ麺のフタ・容器（紙製）,,か
燃やすごみ,かつら,,か
燃やすごみ,かばん,金属類はなるべく外して「埋立ごみ」に出す。指定収集袋（大）に入れて口が結べない場合は「大型ごみ」として出す。,か
燃やすごみ,ガバン,,か
埋立ごみ,画びょう,危険物は、丈夫な紙などに包んで『危険』と表示して出す。,か
埋立ごみ,花瓶（金属製・陶磁器製）,指定収集袋（大）に入れて口が結べない場合は「大型ごみ」として出す。,か
燃やすごみ,花瓶（プラスチック製）,指定収集袋（大）に入れて口が結べない場合は「大型ごみ」として出す。,か
燃やすごみ,紙おしぼり,,か
燃やすごみ,紙おむつ,汚物は取り除いてから出す。,か
燃やすごみ,紙コップ・紙皿,,か
埋立ごみ,カミソリ,危険物は、丈夫な紙などに包んで『危険』と表示して出す。,か
紙,紙箱,『その他の紙』として、ひとまとめにして、ヒモで十字に縛るか紙袋に入れて出す。,か
紙,紙パック,内側が銀色の物、500ml未満の物は「燃やすごみ」に出す。『紙パック』としてまとめて、ヒモで十字に縛って出す。,か
紙,紙袋,『その他の紙』として、ひとまとめにして、ヒモで十字に縛って出すか、『その他の紙』を出す際に使用する。,か
燃やすごみ,紙やすり,,か
埋立ごみ,カメラ,電池を外してから出す。※デジタルカメラは使用済み小型家電として拠点回収に出すこともできます。,か
燃やすごみ,カメラ（使い切りタイプのもの）,,か
紙,カレンダー,『その他の紙』として、ひとまとめにして、ヒモで十字に縛って出す。,か
埋立ごみ,瓦,,か
燃やすごみ,革類,金属類はなるべく外して「埋立ごみ」に出す。,か
埋立ごみ,缶切り,,か
紙,緩衝材（紙製）,『その他の紙』として、ひとまとめにして、ヒモで十字に縛って出す。撥水加工してある物は「燃やすごみ」に出す。,か
プラ容器包装,緩衝材（発泡スチロール製）,,か
燃やすごみ,乾燥剤,生石灰は加湿してから出す。,か
特定品目,乾電池（筒型）,ある程度の量をためて、小さな透明袋に入れて出す。,か
市が収集しないごみ,乾電池（ボタン型・充電式）,家電量販店などの回収箱を利用する。,か
燃やすごみ,感熱紙,,か
市が収集しないごみ,火薬類,販売店などに相談する。,か
燃やすごみ,キーボード（パソコンのパーツ）,,き
燃やすごみ,木くず,指定収集袋（大）に入れて口が結べない場合は「大型ごみ」として出す。,き
燃やすごみ,木箱,指定収集袋（大）に入れて口が結べない場合は「大型ごみ」として出す。,き
燃やすごみ,キャッシュカード(クレジットカード),切ってから出す。,き
プラ容器包装,キャップ・ふた（プラスチック製）,,き
埋立ごみ,キャップ・ふた（金属製）,,き
埋立ごみ,急須,,き
紙,牛乳パック,内側が銀色の物、500ml未満の物は「燃やすごみ」に出す。『紙パック』としてまとめて、ヒモで十字に縛って出す。,き
燃やすごみ,給油用ポンプ（手動式）,,き
埋立ごみ,給油用ポンプ（電動式）,電池を外してから出す。,き
紙,教科書,『その他の紙』として、ひとまとめにして、ヒモで十字に縛って出す。,き
燃やすごみ,金紙、銀紙,,き
埋立ごみ,金庫（手提げ）,指定収集袋（大）に入れて口が結べない場合は「大型ごみ」として出す。,き
埋立ごみ,空気入れ,長さ1m以下の物は、直径10cm以下に束ね、埋立ごみ用の指定収集袋（小袋以上）を１枚巻きつけて出す。プラスチック製の物は「燃やすごみ」に出す。長さが1mを超える物は「大型ごみ」として出す。,く
埋立ごみ,空気清浄機,指定収集袋（大）に入れて口が結べない場合は「大型ごみ」として出す。,く
燃やすごみ,空気清浄機フィルター,,く
埋立ごみ,釘,,く
燃やすごみ,草・花,燃やすごみ用の指定収集袋に入れて出す。,く
燃やすごみ,串（竹製・木製）,金属製の物は「埋立ごみ」として、丈夫な紙などに包んで『危険』と表示して出す。,く
燃やすごみ,薬（市販薬・処方薬）,,く
資源物,薬のびん,,く
紙,薬の袋・外箱（紙製）,『その他の紙』として、ひとまとめにして、ヒモで十字に縛るか紙袋に入れて出す。,く
プラ容器包装,薬の袋・容器（プラスチック製）,容器の裏に銀のシートが付いたままでも出してよい。,く
埋立ごみ,クッキングヒーター,,く
燃やすごみ,靴下,,く
燃やすごみ,クッション,指定収集袋（大）に入れて口が結べない場合は「大型ごみ」として出す。,く
燃やすごみ,クリアファイル,　　　の表示のある物は「プラスチック製容器包装」に出す。,く
燃やすごみ,クリーニングの透明袋,,く
埋立ごみ,クリップ,プラスチック製の物は「燃やすごみ」に出す。,く
燃やすごみ,クレヨン、クレパス,,く
プラ容器包装,クレンザーの容器（プラスチック製）,中身を使い切って、汚れている物は洗ってから出す。,く
燃やすごみ,クレンザーの容器（紙製）,金属製の物は「埋立ごみ」に出す。,く
燃やすごみ,グローブ,,く
市が収集しないごみ,携帯電話,販売店に回収を依頼する。※『使用済み小型家電』として拠点回収に出すこともできます。,け
特定品目,蛍光管,割れないよう、また破損しないよう購入時の包装材に入れるか、新聞紙などに包んで出す。割れている場合には、丈夫な紙などに包んで『危険』と表示して出す。（白熱電球、LED電球やLED蛍光灯は、水銀を含まないので「埋立ごみ」に出す。）,け
燃やすごみ,毛糸,,け
埋立ごみ,計量秤,,け
埋立ごみ,ゲーム機（家庭用・携帯用）,※携帯用ゲーム機は、『使用済み小型家電』として拠点回収に出すこともできます。,け
燃やすごみ,消しゴム,,け
埋立ごみ,化粧品のびん,,け
燃やすごみ,血圧計（電子）,,け
特定品目,血圧計（水銀を含むもの）,割れないよう、また破損しないよう購入時の包装材に入れるか、新聞紙などに包んで出す。割れている場合には、丈夫な紙などに包んで『危険』と表示して出す。,け
埋立ごみ,工具,,こ
埋立ごみ,工具箱（金属製）,,こ
燃やすごみ,工具箱（プラスチック製）,,こ
埋立ごみ,香水容器（びん）,,こ
燃やすごみ,香水容器（プラスチック製）,,こ
燃やすごみ,氷まくら,,こ
燃やすごみ,コップ（紙製・プラスチック製）,,こ
埋立ごみ,コップ（ガラス製・金属製・陶磁器製）,,こ
紙,コピー用紙,『その他の紙』として、ひとまとめにして、ヒモで十字に縛るか紙袋に入れて出す。,こ
紙,コピー用紙の包装紙,『その他の紙』として、ひとまとめにして、ヒモで十字に縛るか紙袋に入れて出す。,こ
紙,小麦粉、片栗粉の袋（紙製）,『その他の紙』として、ひとまとめにして、ヒモで十字に縛るか紙袋に入れて出す。撥水、ビニール加工してある物は「燃やすごみ」に出す。,こ
燃やすごみ,ゴムホース,,こ
燃やすごみ,ゴムボート,空気を抜いてから出す。,こ
紙,米袋（紙製）,『その他の紙』として、ひとまとめにして、ヒモで十字に縛って出す。,こ
プラ容器包装,米袋（ビニール製）,,こ
燃やすごみ,コルセット,,こ
埋立ごみ,ゴルフクラブ,直径10cm以内に束ねて、埋立ごみ用指定収集袋（小袋以上）を１枚巻きつけて出す。,こ
埋立ごみ,コンクリートブロック,家庭から出される物に限る。,こ
燃やすごみ,コンテナボックス,家庭から出される物に限る。,こ
埋立ごみ,座椅子,指定収集袋（大）に入れて口が結べない場合は「大型ごみ」として出す。,さ
資源物,作業服,汚れている物は洗濯してから出す。,さ
燃やすごみ,酒パック（内側が銀色の物）,内側が白い物で500ml以上の物は『紙パック』として、ヒモで十字に縛って「紙」に出す。,さ
紙,雑誌（週刊誌、情報誌など）,『その他の紙』として、ひとまとめにして、ヒモで十字に縛って出す。,さ
燃やすごみ,座布団,指定収集袋（大）に入れて口が結べない場合は「大型ごみ」として出す。,さ
埋立ごみ,皿（ガラス製・金属製・陶磁器製）,,さ
燃やすごみ,皿（紙製・プラスチック製）,,さ
資源物,ざる・ボウル（金属製）,,さ
燃やすごみ,ざる・ボウル（金属製以外）,,さ
大型ごみ,三輪車,,さ
資源物,シーツ,汚れている物は洗濯してから出す。,し
燃やすごみ,ＣＤ及びＣＤケース,,し
燃やすごみ,シール,,し
紙,辞書・辞典,『その他の紙』として、ひとまとめにして、ヒモで十字に縛って出す。,し
燃やすごみ,下着類,,し
燃やすごみ,湿布薬,,し
資源物,自転車（電動アシスト自転車を含む）,防犯登録は抹消する。「不用品」と明示する。,し
燃やすごみ,写真,,し
燃やすごみ,しゃもじ（竹製・木製・プラスチック製）,,し
プラ容器包装,シャンプーボトル,中を洗って水切りして出す。,し
埋立ごみ,ジューサー・ミキサー,指定収集袋（大）に入れて口が結べない場合は「大型ごみ」として出す。,し
紙,習字紙,『その他の紙』として、ひとまとめにして、ヒモで十字に縛るか紙袋に入れて出す。,し
燃やすごみ,充電器（携帯電話など）,※『使用済み小型家電』として拠点回収に出すこともできます。,し
市が収集しないごみ,充電池,家電量販店などの回収箱を利用する。,し
燃やすごみ,収納ケース（プラスチック製）,指定収集袋（大）に入れて口が結べない場合は「大型ごみ」として出す。,し
燃やすごみ,重箱（木製・プラスチック製）,料理を購入した際に付いてきたプラスチック製の重箱は、「プラスチック製容器包装」として出す。,し
埋立ごみ,シュレッダー（器具本体）,指定収集袋（大）に入れて口が結べない場合は「大型ごみ」として出す。,し
燃やすごみ,シュレッダーにかけた紙,,し
市が収集しないごみ,消火器,販売店などに相談する。,し
埋立ごみ,浄水器,指定収集袋（大）に入れて口が結べない場合は「大型ごみ」として出す。,し
燃やすごみ,浄水器のカートリッジ,,し
埋立ごみ,照明器具,笠の部分がプラスチック製で外せる場合には「燃やすごみ」に出す。指定収集袋（大）に入れて口が結べない場合は「大型ごみ」として出す。蛍光管は「特定品目」として出す。,し
埋立ごみ,じょうろ（金属製）,,し
燃やすごみ,じょうろ（プラスチック製）,,し
燃やすごみ,食品トレイ（紙製）,,し
プラ容器包装,食品トレイ（プラスチック製）,汚れている物は洗ってから出す。※白色トレイは拠点回収に出すこともできます。,し
燃やすごみ,食用油,固めるか、ボロ布などにしみ込ませる。※使用済み天ぷら油は拠点回収に出すこともできます。,し
燃やすごみ,除湿剤,,し
プラ容器包装,除湿剤のケース（プラスチック製）,内容物が残っていて取り除けない場合には「燃やすごみ」に出す。,し
燃やすごみ,人工芝,,し
市が収集しないごみ,シンナー類,販売店などに相談する。,し
紙,新聞紙,新聞紙と折込チラシをまとめて、ヒモで十字に縛って出す。,し
埋立ごみ,水槽（ガラス製）,指定収集袋（大）に入れて口が結べない場合は「大型ごみ」として出す。,す
燃やすごみ,水槽（プラスチック製）,指定収集袋（大）に入れて口が結べない場合は「大型ごみ」として出す。,す
埋立ごみ,炊飯器（ジャー）,指定収集袋（大）に入れて口が結べない場合は「大型ごみ」として出す。,す
資源物,炊飯器の内釜,,す
埋立ごみ,スキャナー,指定収集袋（大）に入れて口が結べない場合は「大型ごみ」として出す。,す
埋立ごみ,スコップ（金属製）,直径10cm以内に束ねて、埋立ごみ用の指定収集袋（小袋以上）を１枚巻きつけて出す。,す
燃やすごみ,スコップ（プラスチック製）,直径10cm以内に束ねて、燃やすごみ用の指定収集袋（小袋以上）を１枚巻きつけて出す。,す
燃やすごみ,すだれ（木製・竹製・プラスチック製）,直径10cm、長さ1ｍ以内に束ねて、燃やすごみ用の指定収集袋（小袋以上）を１枚巻きつけて出す。,す
埋立ごみ,ストーブ,タンクの灯油は使い切ってから出す。指定収集袋（大）に入れて口が結べない場合は「大型ごみ」として出す。,す
燃やすごみ,ストーマ装具,,す
燃やすごみ,ストロー,,す
燃やすごみ,スプーン（紙製・プラスチック製）,,す
資源物,スプーン（金属製）,,す
埋立ごみ,スプーン（陶磁器製）,,す
特定品目,スプレー缶,商品に記載されている使用説明を読み、風通しが良く火の気のない屋外で、確実に中身を空にして出す。ただし、穴を開ける必要はない。,す
燃やすごみ,スポンジ,,す
資源物,セーター,汚れている物は洗濯してから出す。,せ
燃やすごみ,せっけんの箱,香りの付いた紙は「燃やすごみ」に出す。,せ
埋立ごみ,せともの,,せ
燃やすごみ,セメダイン,チューブ入りの物は「燃やすごみ」に出す。缶入りの物は「埋立ごみ」に出す。,せ
燃やすごみ,セロハンテープ,,せ
燃やすごみ,繊維くず,,せ
燃やすごみ,洗剤の箱,香りの付いた紙は「燃やすごみ」に出す。,せ
市が収集しないごみ,洗濯機,家電４品目処分,せ
燃やすごみ,剪定枝,長さ50cm以下に切って、直径30cm以下の束にしてヒモで縛るか透明のごみ袋に入れて出す。※拠点回収に出すこともできます。,せ
埋立ごみ,栓抜き,,せ
埋立ごみ,扇風機,指定収集袋（大）に入れて口が結べない場合は「大型ごみ」として出す。,せ
埋立ごみ,洗面器（金属製）,,せ
燃やすごみ,洗面器（プラスチック製）,,せ
埋立ごみ,掃除機,ホース、ノズルが簡単に外せる場合は「燃やすごみ」に出す。指定収集袋（大）に入れて口が結べない場合は「大型ごみ」として出す。,そ
埋立ごみ,体温計（電子）,可能であれば、電池を外してから出す。,た
特定品目,体温計（水銀を含むもの）,割れないよう、また破損しないよう購入時の包装材に入れるか、新聞紙などに包んで出す。割れている場合には、丈夫な紙などに包んで『危険』と表示して出す。,た
燃やすごみ,体温計のケース,,た
紙,台紙（商品の保護用など）,『その他の紙』として、ひとまとめにして、ヒモで十字に縛るか紙袋に入れて出す。,た
埋立ごみ,体重計,可能であれば、電池を外してから出す。指定収集袋（大）に入れて口が結べない場合は「大型ごみ」として出す。,た
埋立ごみ,耐熱ガラス（食器・ポットなど）,,た
市が収集しないごみ,タイヤ,販売店などに相談する。,た
燃やすごみ,タイヤ（自転車・一輪車のみ）,,た
燃やすごみ,タイヤチェーン（ゴム製・ウレタン製など）,,た
埋立ごみ,タイヤチェーン（金属製）,,た
市が収集しないごみ,太陽熱温水器,,た
紙,ダイレクトメール,『その他の紙』として、ひとまとめにして、ヒモで十字に縛るか紙袋に入れて出す。透明フィルムの窓が付いている場合は外して「燃やすごみ」に出す。,た
資源物,タオルケット,汚れている物は洗濯してから出す。,た
燃やすごみ,脱臭剤,,た
燃やすごみ,タッパーウェア,,た
紙,タバコの箱・包み（紙製）,『その他の紙』として、ひとまとめにして、ヒモで十字に縛るか紙袋に入れて出す。内側の金紙、銀紙は外して「燃やすごみ」に出す。,た
プラ容器包装,タバコのフィルム,,た
紙,卵パック（紙製）,『その他の紙』として、ひとまとめにして、ヒモで十字に縛るか紙袋に入れて出す。,た
プラ容器包装,卵パック（プラスチック製）,,た
埋立ごみ,タンブラー（ガラス製・陶磁器製）,,た
燃やすごみ,タンブラー（プラスチック製）,,た
紙,段ボール,段ボールだけをヒモで十字に縛って出す。,た
埋立ごみ,チェーン,,ち
燃やすごみ,チャイルドシート,指定収集袋（大）に入れて口が結べない場合は「大型ごみ」として出す。,ち
特定品目,チャッカマン,使い切ってから出す。,ち
埋立ごみ,茶碗（陶器製）,プラスチック製の物は「燃やすごみ」に出す。,ち
市が収集しないごみ,注射器・注射針,受診している医療機関に相談する。,ち
燃やすごみ,チューブ類（マヨネーズ、わさびなどの容器）,,ち
紙,チラシ,『その他の紙』として、ひとまとめにして、ヒモで十字に縛るか紙袋に入れて出す。,ち
埋立ごみ,ちりとり（金属製）,,ち
燃やすごみ,ちりとり（プラスチック製）,,ち
市が収集しないごみ,土,家庭内の敷地に埋める。排出場所がない場合には埋立ごみ用の指定収集袋の小袋に半分程度入れて「埋立ごみ」に出す。,つ
埋立ごみ,壺（つぼ）,指定収集袋（大）に入れて口が結べない場合は「大型ごみ」として出す。,つ
燃やすごみ,釣竿,長さ1m以内、直径10cm以内に束ねて、燃やすごみ用の指定収集袋（小袋以上）を１枚巻きつけて出す。,つ
燃やすごみ,ＤＶＤ及びケース,,て
埋立ごみ,ＤＶＤプレーヤー,※携帯用ＤＶＤプレイヤーは『使用済み小型家電』として拠点回収に出すこともできます。,て
燃やすごみ,ティッシュペーパー,,て
紙,ティッシュペーパーの箱,『その他の紙』として、ひとまとめにして、ヒモで十字に縛るか紙袋に入れて出す。,て
プラ容器包装,ティッシュペーパーの箱の取り出し口のビニール,,て
燃やすごみ,デスクマット,,て
埋立ごみ,鉄アレイ,,て
埋立ごみ,鉄パイプ,長さ1m以内、直径10cm以内に束ねて、埋立ごみ用の指定収集袋（小袋以上）を１枚巻きつけて出す。,て
市が収集しないごみ,テレビ,家電４品目処分。電池を電源とするポータブル液晶テレビは「埋立ごみ」に出す。※携帯用テレビは『使用済み小型家電』として拠点回収に出すこともできます。,て
燃やすごみ,電気カーペット,コントローラー部分が簡単に外せる場合には「埋立ごみ」に出す。指定収集袋（大）に入れて口が結べない場合は「大型ごみ」として出す。,て
埋立ごみ,電気カミソリ（シェーバー）,可能であれば、電池を外してから出す。,て
埋立ごみ,電気スタンド,指定収集袋（大）に入れて口が結べない場合は「大型ごみ」として出す。,て
埋立ごみ,電気ポット,,て
燃やすごみ,電気毛布,コントローラー部分が簡単に外せる場合には「埋立ごみ」に出す。指定収集袋（大）に入れて口が結べない場合は「大型ごみ」として出す。,て
埋立ごみ,電球,割れ易い物は、紙などに包んで『危険』と表示して出す。,て
埋立ごみ,電子辞書（電子手帳）,電池が入っている物は外してから出す。※『使用済み小型家電』として拠点回収に出すこともできます。,て
埋立ごみ,電子レンジ,指定収集袋（大）に入れて口が結べない場合は「大型ごみ」として出す。,て
燃やすごみ,電卓,電池が入っている物は外してから出す。※『使用済み小型家電』として拠点回収に出すこともできます。,て
特定品目,電池（筒型）,ある程度の量をためて、小さな透明袋に入れて出す。,て
市が収集しないごみ,電池（ボタン型・充電式）,家電量販店などの回収箱を利用する。,て
燃やすごみ,テント,布の部分は「燃やすごみ」、支柱は「埋立ごみ」に出す。指定収集袋（大）に入れて口が結べない場合は「大型ごみ」として出す。,て
埋立ごみ,電動工具,指定収集袋（大）に入れて口が結べない場合は「大型ごみ」として出す。,て
燃やすごみ,伝票（複写式）,,て
燃やすごみ,電話機,黒電話は「埋立ごみ」に出す。ファックス一体型の電話機は「埋立ごみ」に出す。,て
紙,トイレットペーパーの芯,『その他の紙』として、ひとまとめにして、ヒモで十字に縛るか紙袋に入れて出す。,と
市が収集しないごみ,灯油,販売店などに相談する。,と
埋立ごみ,トースター,指定収集袋（大）に入れて口が結べない場合は「大型ごみ」として出す。,と
埋立ごみ,時計,電池を外してから出す。,と
埋立ごみ,土鍋,,と
埋立ごみ,ドライヤー,,と
市が収集しないごみ,ドラム缶,販売店などに相談する。,と
埋立ごみ,鳥かご,指定収集袋（大）に入れて口が結べない場合は「大型ごみ」として出す。,と
市が収集しないごみ,塗料,販売店などに相談する。,と
資源物,塗料缶,中身を空にして出す。,と
資源物,トレーナー,汚れている物は洗濯してから出す。,と
埋立ごみ,ナイフ,危険物は、丈夫な紙などに包んで『危険』と表示して出す。,な
燃やすごみ,長靴,,な
燃やすごみ,納豆パック,,な
資源物,鍋（ホーローを含む）,,な
燃やすごみ,生ごみ,ひと絞りするなど、なるべく水分を取り除いてから出す。※電気式生ごみ処理機で乾燥させた生ごみについては、拠点回収に出すこともできます。,な
燃やすごみ,荷造りひも,,に
燃やすごみ,ぬいぐるみ,指定収集袋（大）に入れて口が結べない場合は「大型ごみ」として出す。,ぬ
燃やすごみ,ネガフィルム,,ね
燃やすごみ,ネクタイ,,ね
プラ容器包装,ネット（果物などを包む）,,ね
燃やすごみ,粘着テープ,,ね
燃やすごみ,粘土（油・紙）,,ね
埋立ごみ,粘土（焼き物用）,,ね
市が収集しないごみ,農機具類,販売店などに相談する。,の
市が収集しないごみ,農業用ビニール,販売店などに相談する。,の
市が収集しないごみ,農薬,販売店などに相談する。,の
紙,ノート,『その他の紙』として、ひとまとめにして、ヒモで十字に縛って出す。,の
埋立ごみ,ノコギリ,,の
埋立ごみ,バーベル（プレート含む）,,は
埋立ごみ,灰皿（ガラス製・金属製・陶磁器製）,,は
燃やすごみ,灰皿（プラスチック製）,,は
市が収集しないごみ,廃油（灯油・ガソリン）,販売店などに相談する。,は
紙,はがき,『その他の紙』として、ひとまとめにして、ヒモで十字に縛るか紙袋に入れて出す。,は
燃やすごみ,バケツ（プラスチック製）,指定収集袋（大）に入れて口が結べない場合は「大型ごみ」として出す。,は
埋立ごみ,バケツ（金属製）,指定収集袋（大）に入れて口が結べない場合は「大型ごみ」として出す。,は
埋立ごみ,はさみ,危険物は、丈夫な紙などに包んで『危険』と表示して出す。,は
埋立ごみ,箸（金属製）,,は
燃やすごみ,箸（木製・プラスチック製）,,は
市が収集しないごみ,パソコン,メーカーにリサイクルを依頼する。,は
市が収集しないごみ,パソコン用ディスプレイ,メーカーにリサイクルを依頼する。,は
燃やすごみ,バッグ,金属類はなるべく外して「埋立ごみ」に出す。指定収集袋（大）に入れて口が結べない場合は「大型ごみ」として出す。,は
プラ容器包装,パック類（プラスチック製の容器）,汚れている物は洗ってから出す。,は
市が収集しないごみ,バッテリー,販売店などに相談する。,は
埋立ごみ,バット（野球用、金属製）,直径10cm以内に束ねて、埋立ごみ用の指定収集袋（小袋以上）を１枚巻きつけて出す。,は
燃やすごみ,バット（野球用、木製）,直径10cm以内に束ねて、燃やすごみ用の指定収集袋（小袋以上）を１枚巻きつけて出す。,は
プラ容器包装,発泡スチロール製の容器,※白色トレイは拠点回収に出すこともできます。,は
燃やすごみ,花火（使用済み）,発火しないように一度水に浸してから出す。,は
燃やすごみ,歯ブラシ,,は
燃やすごみ,歯磨き粉のチューブ,,は
燃やすごみ,バラン（寿司・弁当などの中仕切り）,,は
埋立ごみ,針,危険物は、丈夫な紙などに包んで『危険』と表示して出す。,は
埋立ごみ,針金,,は
燃やすごみ,ハンガー（木製・プラスチック製）,,は
埋立ごみ,ハンガー（金属製）,,は
紙,パンフレット,『その他の紙』として、ひとまとめにして、ヒモで十字に縛るか紙袋に入れて出す。,は
市が収集しないごみ,ピアノ,販売店などに相談する。,ひ
埋立ごみ,ひげそり（Ｔ字）,,ひ
埋立ごみ,ひげそり（電動）,可能であれば、電池を外してから出す。,ひ
燃やすごみ,ピザの箱,,ひ
燃やすごみ,ビデオテープ・ケース,,ひ
埋立ごみ,ビデオテープレコーダー（ビデオデッキ）,指定収集袋（大）に入れて口が結べない場合は「大型ごみ」として出す。,ひ
燃やすごみ,ビニールひも,,ひ
燃やすごみ,ビニールプール,空気を抜いてから出す。,ひ
埋立ごみ,ファクシミリ（電話機一体型含む）,,ふ
燃やすごみ,ファクシミリ受信紙（感熱紙）,,ふ
紙,ファクシミリ受信紙（感熱紙以外）,『その他の紙』として、ひとまとめにして、ヒモで十字に縛るか紙袋に入れて出す。,ふ
燃やすごみ,ファンデーションケース,,ふ
埋立ごみ,ファンヒーター,タンクの灯油は使い切ってから出す。指定収集袋（大）に入れて口が結べない場合は「大型ごみ」として出す。,ふ
紙,封筒,『その他の紙』として、ひとまとめにして、ヒモで十字に縛るか紙袋に入れて出す。透明フィルムの窓が付いている場合は外して「燃やすごみ」に出す。,ふ
燃やすごみ,フォーク（紙製・プラスチック製）,,ふ
資源物,フォーク（金属製）,,ふ
埋立ごみ,フォーク（陶磁器製）,,ふ
燃やすごみ,布団,指定収集袋（大）に入れて口が結べない場合は「大型ごみ」として出す。,ふ
埋立ごみ,布団乾燥機,指定収集袋（大）に入れて口が結べない場合は「大型ごみ」として出す。,ふ
資源物,フライパン,,ふ
燃やすごみ,ブラシ,,ふ
燃やすごみ,プラモデル,,ふ
燃やすごみ,プランター（プラスチック製）,指定収集袋（大）に入れて口が結べない場合は「大型ごみ」として出す。,ふ
埋立ごみ,プリンター,指定収集袋（大）に入れて口が結べない場合は「大型ごみ」として出す。トナー・インクは外して家電量販店などの回収箱を利用する。,ふ
プラ容器包装,フルーツキャップ,,ふ
資源物,古着,汚れている物は洗濯してから出す。,ふ
燃やすごみ,風呂敷,商品の包装用として使われるプラスチック製の風呂敷は「プラスチック製容器包装」に出す。,ふ
燃やすごみ,フロッピーディスク・ケース,,ふ
燃やすごみ,風呂のフタ,直径10cm以内に束ねて、指定収集袋（小袋以上）を１枚巻きつけて出す。,ふ
燃やすごみ,風呂マット,,ふ
紙,文庫本,『その他の紙』として、ひとまとめにして、ヒモで十字に縛って出す。,ふ
燃やすごみ,文房具（プラスチック製）,,ふ
埋立ごみ,文房具（金属製）,,ふ
特定品目,ヘアースプレーの缶,商品に記載されている使用説明を読み、風通しが良く火の気のない屋外で、確実に中身を空にして出す。ただし、穴を開ける必要はない。,へ
燃やすごみ,ペット（愛玩動物）のトイレ用の砂,,へ
燃やすごみ,ペット（愛玩動物）の排泄物,,へ
埋立ごみ,ペット小屋（金属入り）,指定収集袋（大）に入れて口が結べない場合は「大型ごみ」として出す。,へ
燃やすごみ,ペット小屋（プラスチック製）,指定収集袋（大）に入れて口が結べない場合は「大型ごみ」として出す。,へ
ペットボトル,ペットボトル,キャップとラベルを外し、中をすすいでつぶして出す。,へ
プラ容器包装,ペットボトルのフタ,,へ
プラ容器包装,ペットボトルのラベル（プラスチック製）,,へ
燃やすごみ,ヘッドホン,,へ
埋立ごみ,ヘルスメーター,可能であれば、電池を外してから出す。,へ
燃やすごみ,ベルト,,へ
燃やすごみ,ヘルメット,,へ
市が収集しないごみ,ペンキ,販売店などに相談する。,へ
燃やすごみ,便器（ポータブル）,指定収集袋（大）に入れて口が結べない場合は「大型ごみ」として出す。,へ
埋立ごみ,ペンチ,,へ
プラ容器包装,弁当の容器（持ち帰り用・プラスチック製）,汚れている物は洗ってから出す。,へ
燃やすごみ,弁当箱（プラスチック製）,,へ
資源物,弁当箱（金属製）,,へ
市が収集しないごみ,ホイール（自動車用）,販売店などに相談する。,ほ
市が収集しないごみ,ボイラー,販売店などに相談する。,ほ
燃やすごみ,ほうき,直径10cm以内に束ねて、燃やすごみ用の指定収集袋（小袋以上）を１枚巻きつけて出す。,ほ
燃やすごみ,芳香剤,,ほ
プラ容器包装,芳香剤のケース（プラスチック製）,内容物が残っていて取り除けない場合には「燃やすごみ」に出す。,ほ
紙,包装紙,『その他の紙』として、ひとまとめにして、ヒモで十字に縛るか紙袋に入れて出す。,ほ
燃やすごみ,防虫剤,,ほ
プラ容器包装,防虫剤のケース（プラスチック製）,内容物が残っていて取り除けない場合には「燃やすごみ」に出す。,ほ
埋立ごみ,包丁,危険物は、丈夫な紙などに包んで『危険』と表示して出す。,ほ
埋立ごみ,ボウリングのボール,,ほ
燃やすごみ,ボール（野球、サッカー、テニス、ゴルフ用など）,空気を抜くことができる物は、空気を抜いてから出す。,ほ
市が収集しないごみ,ボタン型電池,家電量販店などの回収箱を利用する。,ほ
埋立ごみ,ホッチキス・ホッチキスの針,,ほ
埋立ごみ,ポット,,ほ
埋立ごみ,ホットプレート,指定収集袋（大）に入れて口が結べない場合は「大型ごみ」として出す。,ほ
埋立ごみ,ほ乳びん（ガラス製）,,ほ
燃やすごみ,ほ乳びん（プラスチック製）,,ほ
燃やすごみ,ポリタンク,中身を使い切ってから出す。指定収集袋（大）に入れて口が結べない場合は「大型ごみ」として出す。,ほ
燃やすごみ,保冷剤,,ほ
紙,本,『その他の紙』として、ひとまとめにして、ヒモで十字に縛って出す。,ほ
燃やすごみ,マウス（パソコンのパーツ）,,ま
燃やすごみ,マウスパット,,ま
埋立ごみ,マグネット,,ま
燃やすごみ,枕,,ま
埋立ごみ,マッサージ器（折りたたみ式）,指定収集袋（大）に入れて口が結べない場合は「大型ごみ」として出す。,ま
大型ごみ,マッサージチェア,,ま
燃やすごみ,マッチ,水で濡らしてから出す。,ま
燃やすごみ,マッチの箱,,ま
燃やすごみ,マット,指定収集袋（大）に入れて口が結べない場合は「大型ごみ」として出す。,ま
燃やすごみ,まな板（プラスチック製・木製）,,ま
埋立ごみ,魔法瓶（ジャー・ポット）,指定収集袋（大）に入れて口が結べない場合は「大型ごみ」として出す。,ま
燃やすごみ,マヨネーズ容器,,ま
埋立ごみ,ミシン,指定収集袋（大）に入れて口が結べない場合は「大型ごみ」として出す。,み
燃やすごみ,水切りネット,,み
埋立ごみ,ミニコンポ,指定収集袋（大）に入れて口が結べない場合は「大型ごみ」として出す。,み
資源物,ミルク缶,プラスチック部分は外して「燃やすごみ」に出す。,み
埋立ごみ,虫かご（金属）,,む
燃やすごみ,虫かご（プラスチック製）,,む
資源物,蒸し器（金属製）,,む
燃やすごみ,むしろ,,む
紙,名刺,『その他の紙』として、ひとまとめにして、ヒモで十字に縛るか紙袋に入れて出す。,め
埋立ごみ,眼鏡,,め
燃やすごみ,毛布,指定収集袋（大）に入れて口が結べない場合は「大型ごみ」として出す。,も
燃やすごみ,木材,細長い物は、長さ1m以下、直径10cm以下に束ね、燃やすごみ用の指定収集袋（小袋以上）を１枚巻きつけて出す。,も
燃やすごみ,木炭,,も
燃やすごみ,物干し竿（竹製・プラスチック製）,長さ1m以内、直径10cm以内に束ねて、燃やすごみ用の指定収集袋（小袋以上）を１枚巻きつけて出す。,も
埋立ごみ,物干し竿（パイプ・スチール製）,長さ1m以内、直径10cm以内に束ねて、燃やすごみ用の指定収集袋（小袋以上）を１枚巻きつけて出す。,も
資源物,やかん,,や
燃やすごみ,ＵＳＢメモリー,,ゆ
資源物,浴衣,汚れている物は洗濯してから出す。,ゆ
埋立ごみ,湯たんぽ（金属製）,,ゆ
燃やすごみ,湯たんぽ（プラスチック製）,,ゆ
埋立ごみ,湯飲み茶碗,,ゆ
プラ容器包装,ヨーグルトなどの容器とふた（プラスチック製）,,よ
燃やすごみ,ヨーグルトなどの容器とふた（紙製）,,よ
燃やすごみ,浴槽（乳児用）,指定収集袋（大）に入れて口が結べない場合は「大型ごみ」として出す。,よ
特定品目,ライター（使い捨てのものも含む）,使い切ってから出す。,ら
燃やすごみ,ラケット,直径10cm以内に束ねて、燃やすごみ用の指定収集袋（小袋以上）を１枚巻きつけて出す。,ら
埋立ごみ,ラジオ,指定収集袋（大）に入れて口が結べない場合は「大型ごみ」として出す。※携帯用ラジオは『使用済み小型家電』として拠点回収に出すこともできます。,ら
燃やすごみ,ラップ,,ら
燃やすごみ,ラップの芯,,ら
燃やすごみ,ラップの箱の刃（紙製・プラスチック製）,,ら
埋立ごみ,ラップの箱の刃（金属製）,,ら
紙,ラップの箱,『その他の紙』として、ひとまとめにして、ヒモで十字に縛るか紙袋に入れて出す。,ら
燃やすごみ,ランドセル,,ら
市が収集しないごみ,冷蔵庫,家電４品目処分,れ
市が収集しないごみ,冷凍庫,家電４品目処分,れ
埋立ごみ,冷風扇,指定収集袋（大）に入れて口が結べない場合は「大型ごみ」として出す。,れ
埋立ごみ,レコーダー,,れ
燃やすごみ,レコード,,れ
埋立ごみ,レコードプレーヤー,指定収集袋（大）に入れて口が結べない場合は「大型ごみ」として出す。,れ
燃やすごみ,レシート（感熱紙）,,れ
紙,レシート（普通紙）,名刺より大きなサイズの物以外は「燃やすごみ」に出す。『その他の紙』としてひとまとめにして、ヒモで十字に縛るか紙袋に入れて出す。,れ
プラ容器包装,レジ袋,,れ
燃やすごみ,レジャーシート,,れ
燃やすごみ,レトルト食品の袋,,れ
燃やすごみ,ろうそく,,ろ
燃やすごみ,ロープ,,ろ
埋立ごみ,ローラースケート,,ろ
埋立ごみ,ワープロ,,わ
資源物,ワックスの缶（自動車等）,中身を空にして出す。,わ
燃やすごみ,割りばし,,わ
